sku_id,url,category,price_inr,review_count,rating,buyer_photos_count,fabric_composition_stated,fabric_composition_verbatim,weight_gsm_stated,weight_gsm_verbatim,flat_measurements_stated,measurements_verbatim,fit_descriptor_verbatim,care_instructions_stated,seller_name,description_word_count,marketing_adjectives_verbatim,falsifiable_facts_count,description_style,v1_verdict,what_tool_could_say,what_tool_cannot_say,notes,brand,product_name,source_url,source_type,scrape_date,url_status,url_domain
SKU01,https://www.nykaafashion.com/u-s-polo-assn-men-white-embroidered-logo-compact-cotton-polo-t-shirt/p/7755296,polo shirt,1599,1,4.5,,Y,2ply compact cotton,N,,N,,Regular,Y,Arvind Lifestyle Brands Limited-parent,50,comfortable; show-stopper; fun,9,mixed,USEFUL,"2ply compact cotton, regular fit, half sleeves and machine wash ? everyday casual polo with a collar-neck construction.","No cotton percentage, garment measurements or fabric weight; thickness, drape and exact fit cannot be quantified.",1 written review; Men > Topwear > Polo T-Shirts. Review count and listing facts verified on the product page.,,,,,,original_pdp_url,nykaafashion.com
SKU02,https://www.nykaafashion.com/tommy-hilfiger-yellow-cotton-half-sleeves-collar-neck-polo-t-shirt/p/24896154,polo shirt,2343,1,4.4,,Y,Cotton,N,,N,,Regular,Y,Pvh Arvind Fashion Private Limited,56,cheerful; classic; timeless; stylish; fresh,10,marketing_led,USEFUL,"Cotton, regular fit, half sleeves, collar neck, button-fly and hand wash ? casual polo with a clearly stated construction.","No cotton percentage, garment measurements or GSM/fabric weight; 'timeless', 'stylish' and similar claims are not measurable.","Luxe-tagged Tommy Hilfiger polo; 1 written review. Long description is mostly lifestyle language, while structured fields carry the checkable facts.",,,,,,original_pdp_url,nykaafashion.com
SKU03,https://www.nykaafashion.com/sanwara-green-stylish-ethnic-chikankari-with-sequins-kurta-for-men/p/16346884,kurta,4749,2,4.5,,Y,Cotton,N,,N,,Regular,Y,Sanwara Fashions,31,Festive-Ready; Exquisite,11,mixed,USEFUL,"Cotton, regular fit, mandarin neck, chikankari work, full sleeves and dry-clean-only care ? festive embroidered kurta.","No fabric weight or garment measurements; softness, comfort and exact fit cannot be quantified from the listing.",2 written reviews; Men > Ethnicwear > Kurtas.,,,,,,original_pdp_url,nykaafashion.com
SKU04,https://www.nykaafashion.com/kraft-india-men-black-chikankari-cotton-kurta/p/13049127,kurta,1408,1,4.2,,Y,Cotton,N,,N,,Regular,Y,Aditya Global Inc,43,stylish,11,mixed,USEFUL,"Cotton, regular fit, mandarin neck, chikankari work, full sleeves and machine wash ? festive embroidered kurta.","No garment measurements or fabric weight; the listing does not quantify fit, thickness or fabric blend percentage.","1 written review; Men > Ethnicwear > Kurtas. The lone review also flags a fit problem, making this useful for the audit.",,,,,,original_pdp_url,nykaafashion.com
SKU05,https://www.nykaafashion.com/club-york-men-grey-full-sleeve-solid-notched-lapel-suit-set-set-of-2/p/16415887,suit set,3000,1,3.4,,Y,High-Quality Cotton,N,,N,,Regular,Y,York Exports Ltd,43,Captivating; High-Quality,13,mixed,USEFUL,"Cotton, regular fit, two-piece set, notch lapel, straight leg, mid-waist trouser and gentle machine wash ? formal suit set.","No blazer/trouser garment measurements, fabric weight or size-specific fit dimensions; 'high-quality' is not measurable from the listing.",1 written review; Men > Topwear > Suits. Product is currently shown sold out on the page.,,,,,,original_pdp_url,nykaafashion.com
SKU06,https://www.nykaafashion.com/snitch-beige-solid-relaxed-casual-track-pants-for-men/p/20961082,bottom wear,1599,1,3.1,,Y,Nylon; durable nylon blend,N,,N,,Relaxed,Y,Snitch Apparels Private Limited_mp,29,durable; stylish; Perfect; ideal,10,mixed,USEFUL,"Nylon, relaxed fit, drawstring closure, straight leg, mid waist and machine wash ? casual track pant with a relaxed silhouette.","No nylon percentage, fabric weight or garment measurements; durability, comfort and flexibility are not quantified.",1 written review; Men > Bottomwear > Trackpants. Review count verified from the Nykaa product listing/review page.,,,,,,original_pdp_url,nykaafashion.com
SKU07,https://www.nykaafashion.com/louis-philippe-men-purple-slim-fit-textured-full-sleeves-formal-shirt/p/16611347,formal shirt,1475,1,4.5,,Y,Cotton,N,,N,,Slim,Y,Westbury Holdings Private Limited_parent,19,Refined Sartorial,11,marketing_led,USEFUL,"Cotton, slim fit, textured pattern, full sleeves, collar neck and machine wash ? formal shirt with a clearly stated construction.",No garment measurements or fabric weight; 'refined sartorial taste' is marketing language rather than a checkable product property.,1 written review; Men > Topwear > Formal Shirts. Description itself is almost entirely title-level language.,,,,,,original_pdp_url,nykaafashion.com
SKU08,https://www.nykaafashion.com/van-heusen-men-cream-slim-fit-solid-full-sleeves-formal-shirt/p/16877281,formal shirt,1265,1,3,,Y,Cotton; high quality cotton,N,,N,,Slim,Y,Westbury Holdings Private Limited_parent,44,chic; high quality; stylish,11,mixed,USEFUL,"Cotton, slim fit, solid pattern, full sleeves, front pocket and machine wash ? conventional formal shirt construction.","No cotton percentage, garment measurements or fabric weight; 'high quality' and 'chic' are not measurable listing facts.",1 written review; Men > Topwear > Formal Shirts. Structured facts materially outperform the short marketing description.,,,,,,original_pdp_url,nykaafashion.com
SKU09,https://www.nykaafashion.com/jockey-lightweight-microfiber-solid-round-neck-t-shirt-green/p/16600010,activewear,799,9,4,,Y,100% Micro Polyester,N,,N,,Regular,Y,Page Industries Ltd_parent,61,Lightweight; Smartfabric; unmatched; StayFresh; StayDry; Breathable; enhanced; elevated; Label Free,12,mixed,USEFUL,"100% micro polyester, regular fit, pull-on closure, half sleeves, gym & training activity and 40°C gentle-wash instructions ? synthetic active T-shirt; mesh and drying claims are explicitly stated.","No actual garment weight, GSM or garment measurements; antimicrobial, drying and cooling performance is claimed but not quantified.",9 written reviews; Men > Active & Sports > T-Shirts & Tanks.,,,,,,original_pdp_url,nykaafashion.com
SKU10,https://www.nykaafashion.com/spykar-black-genuine-leather-belt/p/6580269,bags/accessories,520,1,4.4,,Y,Genuine Leather,N,,N,,,Y,Spykar Lifestyles Private Limited (bhiwandi)_parent,4,,7,spec_led,USEFUL,"Leather, push-pin closure, non-reversible, not water resistant and wipe-clean care ? basic leather belt with clearly stated hardware/care attributes.",No belt length/width or leather grade is stated; durability and exact sizing cannot be inferred.,"1 written review; Men > Personal Accessories > Belts. The description is only the product name, while the structured fields carry the useful specifications.",,,,,,original_pdp_url,nykaafashion.com
SKU11,https://www.nykaafashion.com/u-s-polo-assn-men-red-cotton-solid-polo-t-shirt/p/5952525,Polo shirt (men),1120,,,,Y,Cotton,N,,N,,Regular,Y,Arvind Lifestyle Brands Ltd (mfr: Balu Exports),50,"""plays a leading role in the universe of clothing""; ""impeccable tailoring""; ""fine fabric that feels super soft against the skin""",6,mixed,PARTIAL,"Cotton, collar neck, half sleeves, machine-washable, single-pack - confirms material class and cut.",No GSM or flat garment measurements stated - cannot confirm fabric weight or exact size against body.,All sizes sold out at check. No SKU-level rating badge rendered (only a brand-wide 4.1/1L+ aggregate) - likely 0 reviews on this SKU but unconfirmed.,,,,,,original_pdp_url,nykaafashion.com
SKU12,https://www.nykaafashion.com/sojanya-cotton-blend-blue-checked-only-long-kurta/p/2369425,Kurta for men,1599,,,,Y,Blended Fabric,N,,N,,Regular,Y,Shri Ram Enterprises (mfr: Daulat Ram Om Prakash),25,"""Look Your Ethnic Best""; brand tagline ""(Since 1958)"" used as a quality cue",7,mixed,PARTIAL,"Blended fabric, mandarin neck, full sleeves, slant pocket, machine-washable - confirms cut and care routine.","No fibre percentage, GSM, or garment measurements - cannot confirm actual fabric weight or fit.",Tagged BESTSELLER on the category page despite no visible per-SKU rating badge on the product page itself - bestseller labelling appears independent of visible review volume.,,,,,,original_pdp_url,nykaafashion.com
SKU13,https://www.nykaafashion.com/miravan-blue-cotton-embroidered-kurta-with-palazzo/p/26852992,Kurta for women,1680,113,3.1,,Y,Cotton,N,,N,,Straight,Y,Tirupati Alloys,30,"""Your Ethnic Wear Collection Is Incomplete without This Kurta Set""; ""Features An Elegant Hue Which Makes It A Must-Have""",6,marketing_led,PARTIAL,"Cotton, V-neck, three-quarter sleeves, wide-leg palazzo - confirms silhouette and neckline.","No fibre %, GSM, or measurements - cannot confirm fabric weight or actual garment fit.","NOT a tail SKU - 113 ratings is well over the <20 threshold; slipped through because it carried no BESTSELLER tag on the listing page. Recommend swapping. Sold as a 2-piece kurta+palazzo set, not a standalone kurta.",,,,,,original_pdp_url,nykaafashion.com
SKU14,https://www.nykaafashion.com/rajnandini-green-cotton-blend-printed-ready-to-wear-kurta-with-salwar-and-dupatta/p/26184406,Suit set for women,799,22,3.3,0,Y,Cotton Blend,N,,N,,Regular,Y,Rajnandini Fashion India Ltd,40,"""Steal the limelight in this stunning green salwar suit""; ""amp up your look""",7,marketing_led,PARTIAL,"Cotton blend, round neck, tapered-leg salwar bottoms, hand-wash only - confirms cut and a real care constraint.",No GSM or flat measurements - cannot confirm fabric weight or exact size.,Borderline tail: 22 star-ratings (just above the <20 cutoff) but zero written reviews or photos visible - ratings volume without any qualitative signal behind it.,,,,,,original_pdp_url,nykaafashion.com
SKU15,https://www.nykaafashion.com/bene-kleed-men-cream-pure-cotton-rigid-denim-jeans/p/24997127,Bottom wear for men,2999,14,3.9,,Y,Cotton,N,,N,,Loose,Y,Shakti Brandz Pvt Ltd,35,"""unmatched comfort and style""; ""breathable and versatile""; ""effortless charm""",7,marketing_led,PARTIAL,"100% cotton, non-stretch, wide-leg, machine washable - confirms fabric type and fit category.",No denim weight/GSM or flat measurements - cannot tell how heavy/stiff the denim is or exact waist/inseam.,Genuinely tail (14 ratings) - clean example of a real low-review SKU.,,,,,,original_pdp_url,nykaafashion.com
SKU16,https://www.nykaafashion.com/vbeauti-womens-washed-grey-wide-leg-streachable-high-rise-jeans/p/28439251,Bottom wear for women,1155,,,,Y,Denim,N,,N,,Wide,Y,Smvd Enterprises,35,"""flattering fit""; ""Trendy wide-leg silhouette""; ""Premium washed""; ""Soft, durable, and comfortable""",9,marketing_led,PARTIAL,"Stretch denim, high-rise wide-leg, and an unusually detailed 7-step wash/care instruction - confirms fit category and care routine precisely.",No GSM or flat garment measurements - cannot confirm denim weight or exact waist/inseam size.,"No rating badge at all - tagged ""New on Nykaa"", the strongest 0-review signal found in this audit. Care instructions here are the most detailed (7 discrete steps) of any SKU checked.",,,,,,original_pdp_url,nykaafashion.com
SKU17,https://www.nykaafashion.com/buynewtrend-yellow-women-striped-wrap-style-cotton-shirt/p/25737100,Formal shirt for women,705,10,4.4,,Y,Cotton,N,,N,,Regular,Y,Dimpy Garments,45,"""Elegant women cotton shirt""; ""lightweight comfort""; ""summer friendly""; ""modern fit""; ""soft texture""; ""skin friendly material""; ""versatile styling""; ""durable stitching""; ""easy care""; ""everyday fashion essential""; ""premium quality tailored silhouette trendy timeless classic chic appeal""",7,marketing_led,PARTIAL,"Cotton, striped pattern, collar neck, cap sleeves, gentle wash - all from the spec table alone.","No GSM or measurements, and the free-text description adds ZERO new checkable facts beyond the spec table - it's a single unbroken run of ~20 adjectives with no numbers.",Best example in the set of pure marketing substitution: the description is essentially a keyword-stuffed adjective list ending in 'premium quality tailored silhouette trendy timeless classic chic appeal.' Genuinely tail (10 ratings).,,,,,,original_pdp_url,nykaafashion.com
SKU18,https://www.nykaafashion.com/columbia-men-black-na-heavyweight-ii-tight/p/9044405,Activewear for men,4499,,,,Y,Polyester,N,,N,,Regular,Y,Chogori India Retail Ltd,25,"""comfy addition""; ""premium quality fabric""; ""exude a regular fit""",6,marketing_led,PARTIAL,"Polyester, skinny-leg tights, machine washable, built for Sports & Fitness activity - confirms material class and cut.","The product NAME invokes Columbia's 'Omni-Heat Reflective' thermal technology, but nothing in the actual listing explains what that means, what GSM the fabric is, or how warm it performs - the tech claim is completely unsubstantiated in the copy.",Small category (12 items total under men's Athleisure) - mostly winter/thermal gear rather than gym wear. No rating badge shown - likely 0 reviews.,,,,,,original_pdp_url,nykaafashion.com
SKU19,https://www.nykaafashion.com/kica-float-green-jumpsuit-with-pockets/p/3234152,Activewear for women,1258,,,,Y,"Cotton-95%, Spandex-5%",N,,N,,"""Stretchy without being saggy"" (informal, no structured Fit field)",Y,Nykaa Fashion Ltd (house brand Kica),110,"""make your float effortlessly through life""; ""Extra soft feel""; ""butter-soft cotton""",8,mixed,USEFUL,"95% cotton / 5% spandex is an exact, checkable fibre blend (rare on this platform); halter neck, sleeveless, cold hand-wash only, two pockets, back-neck button closure.",No GSM or flat body measurements - still cannot confirm fabric weight or exact fit against the body.,"Best fibre-composition example found - an exact percentage split, unusual for Nykaa listings generally. No returns/exchange allowed on this item. No rating badge - likely 0 reviews.",,,,,,original_pdp_url,nykaafashion.com
SKU20,https://www.nykaafashion.com/harissons-unisex-dexter-maroon-backpack/p/15717995,Bags/accessories for men,1999,7,4.3,,Y,Polyester,,,Y,(H x L x W) 50 x 39 x 6 cm,,Y,Haridas Somchand And Sons (mfr: Harissons Bags Pvt Ltd),230,"""captivating Vintage Collection""; ""delightful 90s VIBE""; ""meticulously built to withstand the test of time""; ""exceptional build quality is a given""; ""endure various forms of abuse""; ""reliable companion for every adventure""",10,mixed,USEFUL,"50x39x6cm, fits laptops up to 14 inches, water resistant, 1-year warranty, external USB port and audio-jack routing - all genuinely checkable claims a buyer could hold the seller to on arrival.","'Meticulously built to withstand the test of time' and 'endure various forms of abuse' are not backed by any durability rating, denier count, or load-test figure in the listing.",Highest falsifiable-fact density of any SKU in this audit (exact dimensions + laptop-size compatibility + warranty length + water resistance) despite having the single most adjective-heavy description text found. Genuinely tail (7 ratings).,,,,,,original_pdp_url,nykaafashion.com
SKU21,https://www.nykaafashion.com/yelloe-blue-heart-shaped-sling-bag/p/19029743,Bags/accessories for women,896,104,4.1,,Y,"Table says ""Cotton""; description says ""Premium synthetic leather"" (contradiction)",,,Y,(L x B x H): 15.2 x 5 x 13.2 cm,,Y,Yelloe Lifestyle Pvt Ltd,65,"""adorable""; ""catch everyone's eye""; ""versatile as can be""; ""functional yet playful""; ""emitting Valentine's Day vibes - a curious charmer""; ""keeps you looking trendy and organized""",6,mixed,USEFUL,"15.2 x 5 x 13.2cm, zip closure, detachable strap, 3-month warranty - real checkable dimensions and a stated warranty term.","The spec table says the material is 'Cotton'; the free-text description says 'Premium synthetic leather.' The listing contradicts itself, so the tool cannot tell a buyer what the bag is actually made of.",NOT a tail SKU - 104 ratings is well over the <20 threshold; recommend swapping. Flagged because it's the clearest material-contradiction case found: structured field and marketing copy disagree outright.,,,,,,original_pdp_url,nykaafashion.com
SKU22,https://www.nykaafashion.com/cantabil-men-sky-polo-t-shirt/p/10915005,polo shirt,615,,,,,,,,,,,,,,,,listing_only,,Brand: Cantabil; product: Men Sky Polo T-shirt; listed price: ?615.,"PDP-level review count, rating, detailed specifications and seller details were not expanded in this listing-level scrape.",Listing-level sample scraped from current Nykaa Fashion category page; direct PDP fields intentionally left blank when not observed. No buyer-photo logic used.,Cantabil,Men Sky Polo T-shirt,https://www.nykaafashion.com/men/topwear/polo-t-shirts/c/6827,nykaa_category_listing,9/4/2026,pdp_url_resolved_from_web,nykaafashion.com
SKU23,https://www.nykaafashion.com/louis-philippe-men-maroon-solid-polo-neck-t-shirt/p/12459727,polo shirt,945,,,,,,,,,,,,,,,,listing_only,,Brand: Louis Philippe; product: Men's Rust Polo T-Shirt with Collar Tipping and Branding on Sleeve; listed price: ?945.,"PDP-level review count, rating, detailed specifications and seller details were not expanded in this listing-level scrape.",Listing-level sample scraped from current Nykaa Fashion category page; direct PDP fields intentionally left blank when not observed. No buyer-photo logic used.,Louis Philippe,Men's Rust Polo T-Shirt with Collar Tipping and Branding on Sleeve,https://www.nykaafashion.com/men/topwear/polo-t-shirts/c/6827,nykaa_category_listing,9/4/2026,pdp_url_resolved_from_web,nykaafashion.com
SKU24,https://www.nykaafashion.com/campus-sutra-mens-onyx-black-cuboid-stripe-polo-t-shirt/p/19083242,polo shirt,731,,,,,,,,,,,,,,,,listing_only,,Brand: CAHOOT; product: Mens Onyx Black Cuboid-Stripe Polo T-Shirt; listed price: ?731.,"PDP-level review count, rating, detailed specifications and seller details were not expanded in this listing-level scrape.",Listing-level sample scraped from current Nykaa Fashion category page; direct PDP fields intentionally left blank when not observed. No buyer-photo logic used.,CAHOOT,Mens Onyx Black Cuboid-Stripe Polo T-Shirt,https://www.nykaafashion.com/men/topwear/polo-t-shirts/c/6827,nykaa_category_listing,9/4/2026,pdp_url_resolved_from_web,nykaafashion.com
SKU25,https://www.nykaafashion.com/u-s-polo-assn-brown-mens-pure-cotton-slim-fit-polo-shirt/p/21390358,polo shirt,1170,,,,Y,Cotton,,,,,Slim,,,,,,listing_only,,Brand: U.S. POLO ASSN.; product: Brown Mens Pure Cotton Slim Fit Polo T-Shirt; listed price: ?1170.,"PDP-level review count, rating, detailed specifications and seller details were not expanded in this listing-level scrape.",Listing-level sample scraped from current Nykaa Fashion category page; direct PDP fields intentionally left blank when not observed. No buyer-photo logic used.,U.S. POLO ASSN.,Brown Mens Pure Cotton Slim Fit Polo T-Shirt,https://www.nykaafashion.com/men/topwear/polo-t-shirts/c/6827,nykaa_category_listing,9/4/2026,pdp_url_resolved_from_web,nykaafashion.com
SKU26,https://www.nykaafashion.com/tommy-hilfiger-red-cotton-half-sleeves-collar-neck-polo-t-shirt/p/24896157,polo shirt,2871,,,,Y,Cotton,,,,,,,,,,,listing_only,,Brand: Tommy Hilfiger; product: Red Cotton Half Sleeves Collar Neck Polo T-Shirt; listed price: ?2871.,"PDP-level review count, rating, detailed specifications and seller details were not expanded in this listing-level scrape.",Listing-level sample scraped from current Nykaa Fashion category page; direct PDP fields intentionally left blank when not observed. No buyer-photo logic used.,Tommy Hilfiger,Red Cotton Half Sleeves Collar Neck Polo T-Shirt,https://www.nykaafashion.com/men/topwear/polo-t-shirts/c/6827,nykaa_category_listing,9/4/2026,pdp_url_resolved_from_web,nykaafashion.com
SKU27,,polo shirt,799,,,,,,,,,,,,,,,,listing_only,,Brand: LEOTUDE; product: Men's Brown Polo T-Shirt; listed price: ?799.,"PDP-level review count, rating, detailed specifications and seller details were not expanded in this listing-level scrape.",Listing-level sample scraped from current Nykaa Fashion category page; direct PDP fields intentionally left blank when not observed. No buyer-photo logic used.,LEOTUDE,Men's Brown Polo T-Shirt,https://www.nykaafashion.com/men/topwear/polo-t-shirts/c/6827,nykaa_category_listing,9/4/2026,pdp_url_not_resolved,
SKU28,,polo shirt,882,,,,,,,,,,,,,,,,listing_only,,Brand: Gildan; product: Multi-Color Softstyle Adult Pique Polo T-shirt (Pack of 3); listed price: ?882.,"PDP-level review count, rating, detailed specifications and seller details were not expanded in this listing-level scrape.",Listing-level sample scraped from current Nykaa Fashion category page; direct PDP fields intentionally left blank when not observed. No buyer-photo logic used.,Gildan,Multi-Color Softstyle Adult Pique Polo T-shirt (Pack of 3),https://www.nykaafashion.com/men/topwear/polo-t-shirts/c/6827,nykaa_category_listing,9/4/2026,pdp_url_not_resolved,
SKU29,https://www.nykaafashion.com/peter-england-men-off-white-plain-slim-fit-polo-t-shirt/p/19996777,polo shirt,1320,,,,,,,,,,,,,,,,listing_only,,Brand: U.S. Polo Assn. Denim Co.; product: Men Colorblock Muscle Fit Polo T-Shirt White; listed price: ?1320.,"PDP-level review count, rating, detailed specifications and seller details were not expanded in this listing-level scrape.",Listing-level sample scraped from current Nykaa Fashion category page; direct PDP fields intentionally left blank when not observed. No buyer-photo logic used.,U.S. Polo Assn. Denim Co.,Men Colorblock Muscle Fit Polo T-Shirt White,https://www.nykaafashion.com/men/topwear/polo-t-shirts/c/6827,nykaa_category_listing,9/4/2026,pdp_url_resolved_from_web,nykaafashion.com
SKU30,https://www.nykaafashion.com/campus-sutra-men-maroon-solid-polo-t-shirt/p/10914982,polo shirt,615,,,,,,,,,,,,,,,,listing_only,,Brand: Cantabil; product: Men Green Polo T-shirt; listed price: ?615.,"PDP-level review count, rating, detailed specifications and seller details were not expanded in this listing-level scrape.",Listing-level sample scraped from current Nykaa Fashion category page; direct PDP fields intentionally left blank when not observed. No buyer-photo logic used.,Cantabil,Men Green Polo T-shirt,https://www.nykaafashion.com/men/topwear/polo-t-shirts/c/6827,nykaa_category_listing,9/4/2026,pdp_url_resolved_from_web,nykaafashion.com
SKU31,https://www.nykaafashion.com/the-indian-garage-co-men-slim-fit-striped-polo-collar-t-shirt/p/20056029,polo shirt,546,,,,,,,,,,Slim,,,,,,listing_only,,Brand: The Indian Garage Co; product: Men Slim Fit Striped Polo Collar T-Shirt; listed price: ?546.,"PDP-level review count, rating, detailed specifications and seller details were not expanded in this listing-level scrape.",Listing-level sample scraped from current Nykaa Fashion category page; direct PDP fields intentionally left blank when not observed. No buyer-photo logic used.,The Indian Garage Co,Men Slim Fit Striped Polo Collar T-Shirt,https://www.nykaafashion.com/men/topwear/polo-t-shirts/c/6827,nykaa_category_listing,9/4/2026,pdp_url_resolved_from_web,nykaafashion.com
SKU32,https://www.nykaafashion.com/ether-women-blue-solid-polo-t-shirt/p/21020274,polo shirt,675,,,,,,,,,,Regular,,,,,,listing_only,,Brand: RIGO; product: Teal Colorblock Regular Fit Polo T-Shirt; listed price: ?675.,"PDP-level review count, rating, detailed specifications and seller details were not expanded in this listing-level scrape.",Listing-level sample scraped from current Nykaa Fashion category page; direct PDP fields intentionally left blank when not observed. No buyer-photo logic used.,RIGO,Teal Colorblock Regular Fit Polo T-Shirt,https://www.nykaafashion.com/men/topwear/polo-t-shirts/c/6827,nykaa_category_listing,9/4/2026,pdp_url_resolved_from_web,nykaafashion.com
SKU33,https://www.nykaafashion.com/rare-rabbit-men-white-embroidered-polo-t-shirt/p/23521278,polo shirt,1549,,,,,,,,,,,,,,,,listing_only,,Brand: The Souled Store; product: Camelia Brown Men Textured Polo T-Shirt; listed price: ?1549.,"PDP-level review count, rating, detailed specifications and seller details were not expanded in this listing-level scrape.",Listing-level sample scraped from current Nykaa Fashion category page; direct PDP fields intentionally left blank when not observed. No buyer-photo logic used.,The Souled Store,Camelia Brown Men Textured Polo T-Shirt,https://www.nykaafashion.com/men/topwear/polo-t-shirts/c/6827,nykaa_category_listing,9/4/2026,pdp_url_resolved_from_web,nykaafashion.com
SKU34,,polo shirt,1656,,,,,,,,,,,,,,,,listing_only,,Brand: WROGN; product: Brown Solid Collar Neck Slim Polo T-Shirt; listed price: ?1656.,"PDP-level review count, rating, detailed specifications and seller details were not expanded in this listing-level scrape.",Listing-level sample scraped from current Nykaa Fashion category page; direct PDP fields intentionally left blank when not observed. No buyer-photo logic used.,WROGN,Brown Solid Collar Neck Slim Polo T-Shirt,https://www.nykaafashion.com/men/topwear/polo-t-shirts/c/6827,nykaa_category_listing,9/4/2026,pdp_url_not_resolved,
SKU35,,polo shirt,352,,,,,,,,,,,,,,,,listing_only,,Brand: max; product: Textured Brown Polo T-Shirt; listed price: ?352.,"PDP-level review count, rating, detailed specifications and seller details were not expanded in this listing-level scrape.",Listing-level sample scraped from current Nykaa Fashion category page; direct PDP fields intentionally left blank when not observed. No buyer-photo logic used.,max,Textured Brown Polo T-Shirt,https://www.nykaafashion.com/men/topwear/polo-t-shirts/c/6827,nykaa_category_listing,9/4/2026,pdp_url_not_resolved,
SKU36,https://www.nykaafashion.com/puma-essentials-logo-mens-black-polo-t-shirt/p/17093577,polo shirt,850,,,,,,,,,,,,,,,,listing_only,,Brand: Puma; product: Mens Logo Black Polo T-Shirt; listed price: ?850.,"PDP-level review count, rating, detailed specifications and seller details were not expanded in this listing-level scrape.",Listing-level sample scraped from current Nykaa Fashion category page; direct PDP fields intentionally left blank when not observed. No buyer-photo logic used.,Puma,Mens Logo Black Polo T-Shirt,https://www.nykaafashion.com/men/topwear/polo-t-shirts/c/6827,nykaa_category_listing,9/4/2026,pdp_url_resolved_from_web,nykaafashion.com
SKU37,,polo shirt,2299,,,,Y,Cotton,,,,,Regular,,,,,,listing_only,,Brand: H&M; product: Men Brown Regular Fit Cotton Rugby Polo T-Shirt; listed price: ?2299.,"PDP-level review count, rating, detailed specifications and seller details were not expanded in this listing-level scrape.",Listing-level sample scraped from current Nykaa Fashion category page; direct PDP fields intentionally left blank when not observed. No buyer-photo logic used.,H&M,Men Brown Regular Fit Cotton Rugby Polo T-Shirt,https://www.nykaafashion.com/men/topwear/polo-t-shirts/c/6827,nykaa_category_listing,9/4/2026,pdp_url_not_resolved,
SKU38,https://www.nykaafashion.com/rare-rabbit-carmelon-light-green-plain-regular-fit-polo-t-shirt/p/19818340,polo shirt,1665,,,,,,,,,,Regular,,,,,,listing_only,,Brand: Rare Rabbit; product: Carmelon Light Green Plain Regular Fit Polo T-Shirt; listed price: ?1665.,"PDP-level review count, rating, detailed specifications and seller details were not expanded in this listing-level scrape.",Listing-level sample scraped from current Nykaa Fashion category page; direct PDP fields intentionally left blank when not observed. No buyer-photo logic used.,Rare Rabbit,Carmelon Light Green Plain Regular Fit Polo T-Shirt,https://www.nykaafashion.com/men/topwear/polo-t-shirts/c/6827,nykaa_category_listing,9/4/2026,pdp_url_resolved_from_web,nykaafashion.com
SKU39,,polo shirt,990,,,,,,,,,,,,,,,,listing_only,,Brand: GRITSTONES; product: Men Pink Embedded Textured Flat Knit Premium Polo T-Shirt; listed price: ?990.,"PDP-level review count, rating, detailed specifications and seller details were not expanded in this listing-level scrape.",Listing-level sample scraped from current Nykaa Fashion category page; direct PDP fields intentionally left blank when not observed. No buyer-photo logic used.,GRITSTONES,Men Pink Embedded Textured Flat Knit Premium Polo T-Shirt,https://www.nykaafashion.com/men/topwear/polo-t-shirts/c/6827,nykaa_category_listing,9/4/2026,pdp_url_not_resolved,
SKU40,https://www.nykaafashion.com/gloot-men-s-cotton-polo-t-shirt-no-curl-collar-forest-green/p/5977753,polo shirt,390,,,,Y,Cotton,,,,,,,,,,,listing_only,,Brand: GLOOT; product: Anti Stain & Anti Odor Cotton Polo with No - Curl Collar - GLA001 Forest Green; listed price: ?390.,"PDP-level review count, rating, detailed specifications and seller details were not expanded in this listing-level scrape.",Listing-level sample scraped from current Nykaa Fashion category page; direct PDP fields intentionally left blank when not observed. No buyer-photo logic used.,GLOOT,Anti Stain & Anti Odor Cotton Polo with No - Curl Collar - GLA001 Forest Green,https://www.nykaafashion.com/men/topwear/polo-t-shirts/c/6827,nykaa_category_listing,9/4/2026,pdp_url_resolved_from_web,nykaafashion.com
SKU41,https://www.nykaafashion.com/crocodile-black-solid-plain-regular-fit-polo-t-shirt/p/19540383,polo shirt,699,,,,,,,,,,Regular,,,,,,listing_only,,Brand: Crocodile; product: Black Solid/Plain Regular Fit Polo T-Shirt; listed price: ?699.,"PDP-level review count, rating, detailed specifications and seller details were not expanded in this listing-level scrape.",Listing-level sample scraped from current Nykaa Fashion category page; direct PDP fields intentionally left blank when not observed. No buyer-photo logic used.,Crocodile,Black Solid/Plain Regular Fit Polo T-Shirt,https://www.nykaafashion.com/men/topwear/polo-t-shirts/c/6827,nykaa_category_listing,9/4/2026,pdp_url_resolved_from_web,nykaafashion.com
SKU42,https://www.nykaafashion.com/kisah-men-maroon-kurta/p/13012935,kurta,2000,,,,Y,Silk,,,,,,,,,,,listing_only,,Brand: KISAH; product: Men Maroon & Black Textured Silk Blend Jacquard Kurta with Abstract Print; listed price: ?2000.,"PDP-level review count, rating, detailed specifications and seller details were not expanded in this listing-level scrape.",Listing-level sample scraped from current Nykaa Fashion category page; direct PDP fields intentionally left blank when not observed. No buyer-photo logic used.,KISAH,Men Maroon & Black Textured Silk Blend Jacquard Kurta with Abstract Print,https://www.nykaafashion.com/men/ethnicwear/kurtas/c/6842,nykaa_category_listing,9/4/2026,pdp_url_resolved_from_web,nykaafashion.com
SKU43,,kurta,3499,,,,,,,,,,,,,,,,listing_only,,Brand: KISAH; product: Mens Yellow Embellished Kurta; listed price: ?3499.,"PDP-level review count, rating, detailed specifications and seller details were not expanded in this listing-level scrape.",Listing-level sample scraped from current Nykaa Fashion category page; direct PDP fields intentionally left blank when not observed. No buyer-photo logic used.,KISAH,Mens Yellow Embellished Kurta,https://www.nykaafashion.com/men/ethnicwear/kurtas/c/6842,nykaa_category_listing,9/4/2026,pdp_url_not_resolved,
SKU44,https://www.nykaafashion.com/ethnic-bay-men-lavender-viscose-rayon-embroidered-straight-kurta/p/24091350,kurta,1176,,,,,,,,,,,,,,,,listing_only,,Brand: ETHNIC BAY; product: Men Lavender Embroidered Straight Kurta; listed price: ?1176.,"PDP-level review count, rating, detailed specifications and seller details were not expanded in this listing-level scrape.",Listing-level sample scraped from current Nykaa Fashion category page; direct PDP fields intentionally left blank when not observed. No buyer-photo logic used.,ETHNIC BAY,Men Lavender Embroidered Straight Kurta,https://www.nykaafashion.com/men/ethnicwear/kurtas/c/6842,nykaa_category_listing,9/4/2026,pdp_url_resolved_from_web,nykaafashion.com
SKU45,https://www.nykaafashion.com/vastramay-maroon-embroidered-regular-kurta/p/25472646,kurta,4899,,,,,,,,,,,,,,,,listing_only,,Brand: Vastramay; product: Maroon Embroidered Regular Kurta; listed price: ?4899.,"PDP-level review count, rating, detailed specifications and seller details were not expanded in this listing-level scrape.",Listing-level sample scraped from current Nykaa Fashion category page; direct PDP fields intentionally left blank when not observed. No buyer-photo logic used.,Vastramay,Maroon Embroidered Regular Kurta,https://www.nykaafashion.com/men/ethnicwear/kurtas/c/6842,nykaa_category_listing,9/4/2026,pdp_url_resolved_from_web,nykaafashion.com
SKU46,,kurta,1999,,,,Y,Silk,,,,,,,,,,,listing_only,,Brand: KISAH; product: Men Mid Navy Blue Silk Blend Solid Textured Kurta; listed price: ?1999.,"PDP-level review count, rating, detailed specifications and seller details were not expanded in this listing-level scrape.",Listing-level sample scraped from current Nykaa Fashion category page; direct PDP fields intentionally left blank when not observed. No buyer-photo logic used.,KISAH,Men Mid Navy Blue Silk Blend Solid Textured Kurta,https://www.nykaafashion.com/men/ethnicwear/kurtas/c/6842,nykaa_category_listing,9/4/2026,pdp_url_not_resolved,
SKU47,,kurta,900,,,,,,,,,,,,,,,,listing_only,,Brand: Jompers; product: White Embroidered Full Sleeves Kurta; listed price: ?900.,"PDP-level review count, rating, detailed specifications and seller details were not expanded in this listing-level scrape.",Listing-level sample scraped from current Nykaa Fashion category page; direct PDP fields intentionally left blank when not observed. No buyer-photo logic used.,Jompers,White Embroidered Full Sleeves Kurta,https://www.nykaafashion.com/men/ethnicwear/kurtas/c/6842,nykaa_category_listing,9/4/2026,pdp_url_not_resolved,
SKU48,,kurta,1899,,,,,,,,,,,,,,,,listing_only,,Brand: Diwas by Manyavar; product: Purple Dreams Kurta for Men; listed price: ?1899.,"PDP-level review count, rating, detailed specifications and seller details were not expanded in this listing-level scrape.",Listing-level sample scraped from current Nykaa Fashion category page; direct PDP fields intentionally left blank when not observed. No buyer-photo logic used.,Diwas by Manyavar,Purple Dreams Kurta for Men,https://www.nykaafashion.com/men/ethnicwear/kurtas/c/6842,nykaa_category_listing,9/4/2026,pdp_url_not_resolved,
SKU49,,kurta,1575,,,,Y,Cotton,,,,,,,,,,,listing_only,,Brand: Kraft India; product: Printed Royal Motifs Cotton Blend Beige Kurta; listed price: ?1575.,"PDP-level review count, rating, detailed specifications and seller details were not expanded in this listing-level scrape.",Listing-level sample scraped from current Nykaa Fashion category page; direct PDP fields intentionally left blank when not observed. No buyer-photo logic used.,Kraft India,Printed Royal Motifs Cotton Blend Beige Kurta,https://www.nykaafashion.com/men/ethnicwear/kurtas/c/6842,nykaa_category_listing,9/4/2026,pdp_url_not_resolved,
SKU50,https://www.nykaafashion.com/kisah-black-abstract-kurta/p/1340599,kurta,1999,,,,Y,Cotton,,,,,,,,,,,listing_only,,Brand: KISAH; product: Men Black Cotton Silk Printed Kurta; listed price: ?1999.,"PDP-level review count, rating, detailed specifications and seller details were not expanded in this listing-level scrape.",Listing-level sample scraped from current Nykaa Fashion category page; direct PDP fields intentionally left blank when not observed. No buyer-photo logic used.,KISAH,Men Black Cotton Silk Printed Kurta,https://www.nykaafashion.com/men/ethnicwear/kurtas/c/6842,nykaa_category_listing,9/4/2026,pdp_url_resolved_from_web,nykaafashion.com
SKU51,https://www.nykaafashion.com/fabindia-green-cotton-ikat-slim-fit-long-kurta/p/14735578,kurta,3299,,,,Y,Cotton,,,,,Slim,,,,,,listing_only,,Brand: Fabindia; product: Green Cotton Ikat Slim Fit Long Kurta; listed price: ?3299.,"PDP-level review count, rating, detailed specifications and seller details were not expanded in this listing-level scrape.",Listing-level sample scraped from current Nykaa Fashion category page; direct PDP fields intentionally left blank when not observed. No buyer-photo logic used.,Fabindia,Green Cotton Ikat Slim Fit Long Kurta,https://www.nykaafashion.com/men/ethnicwear/kurtas/c/6842,nykaa_category_listing,9/4/2026,pdp_url_resolved_from_web,nykaafashion.com
SKU52,,kurta,4999,,,,Y,Linen,,,,,,,,,,,listing_only,,Brand: Manyavar; product: Men Warm White Linen Solid Kurta; listed price: ?4999.,"PDP-level review count, rating, detailed specifications and seller details were not expanded in this listing-level scrape.",Listing-level sample scraped from current Nykaa Fashion category page; direct PDP fields intentionally left blank when not observed. No buyer-photo logic used.,Manyavar,Men Warm White Linen Solid Kurta,https://www.nykaafashion.com/men/ethnicwear/kurtas/c/6842,nykaa_category_listing,9/4/2026,pdp_url_not_resolved,
SKU53,https://www.nykaafashion.com/kraft-india-luxe-cotton-silk-embroidered-festive-cream-kurta/p/22792297,kurta,4736,,,,Y,Cotton,,,,,,,,,,,listing_only,,Brand: KRAFT INDIA LUXE; product: Cotton Silk Embroidered Festive Cream Kurta; listed price: ?4736.,"PDP-level review count, rating, detailed specifications and seller details were not expanded in this listing-level scrape.",Listing-level sample scraped from current Nykaa Fashion category page; direct PDP fields intentionally left blank when not observed. No buyer-photo logic used.,KRAFT INDIA LUXE,Cotton Silk Embroidered Festive Cream Kurta,https://www.nykaafashion.com/men/ethnicwear/kurtas/c/6842,nykaa_category_listing,9/4/2026,pdp_url_resolved_from_web,nykaafashion.com
SKU54,https://www.nykaafashion.com/gahan-mens-dark-green-art-silk-embroidered-kurta-with-pyjama/p/25043544,kurta,766,,,,Y,Silk,,,,,,,,,,,listing_only,,Brand: Gahan; product: Mens Dark Green Art Silk Embroidered Kurta; listed price: ?766.,"PDP-level review count, rating, detailed specifications and seller details were not expanded in this listing-level scrape.",Listing-level sample scraped from current Nykaa Fashion category page; direct PDP fields intentionally left blank when not observed. No buyer-photo logic used.,Gahan,Mens Dark Green Art Silk Embroidered Kurta,https://www.nykaafashion.com/men/ethnicwear/kurtas/c/6842,nykaa_category_listing,9/4/2026,pdp_url_resolved_from_web,nykaafashion.com
SKU55,,kurta,2399,,,,Y,Silk,,,,,,,,,,,listing_only,,Brand: Vedant Vastram; product: Men Beige Floral Embroidered Work Armani Silk Kurta; listed price: ?2399.,"PDP-level review count, rating, detailed specifications and seller details were not expanded in this listing-level scrape.",Listing-level sample scraped from current Nykaa Fashion category page; direct PDP fields intentionally left blank when not observed. No buyer-photo logic used.,Vedant Vastram,Men Beige Floral Embroidered Work Armani Silk Kurta,https://www.nykaafashion.com/men/ethnicwear/kurtas/c/6842,nykaa_category_listing,9/4/2026,pdp_url_not_resolved,
SKU56,,kurta,981,,,,Y,Linen,,,,,,,,,,,listing_only,,Brand: Bonjour; product: Beige Men’s Linen Short Kurta; listed price: ?981.,"PDP-level review count, rating, detailed specifications and seller details were not expanded in this listing-level scrape.",Listing-level sample scraped from current Nykaa Fashion category page; direct PDP fields intentionally left blank when not observed. No buyer-photo logic used.,Bonjour,Beige Men’s Linen Short Kurta,https://www.nykaafashion.com/men/ethnicwear/kurtas/c/6842,nykaa_category_listing,9/4/2026,pdp_url_not_resolved,
SKU57,,kurta,1699,,,,,,,,,,Regular,,,,,,listing_only,,Brand: Sanwara; product: White Solid/Plain Regular Fit Kurta; listed price: ?1699.,"PDP-level review count, rating, detailed specifications and seller details were not expanded in this listing-level scrape.",Listing-level sample scraped from current Nykaa Fashion category page; direct PDP fields intentionally left blank when not observed. No buyer-photo logic used.,Sanwara,White Solid/Plain Regular Fit Kurta,https://www.nykaafashion.com/men/ethnicwear/kurtas/c/6842,nykaa_category_listing,9/4/2026,pdp_url_not_resolved,
SKU58,https://www.nykaafashion.com/kisah-black-abstract-kurta/p/1340599,kurta,2000,,,,Y,Cotton,,,,,,,,,,,listing_only,,Brand: KISAH; product: Men Black Printed Cotton Blend Kurta with Kantha Print; listed price: ?2000.,"PDP-level review count, rating, detailed specifications and seller details were not expanded in this listing-level scrape.",Listing-level sample scraped from current Nykaa Fashion category page; direct PDP fields intentionally left blank when not observed. No buyer-photo logic used.,KISAH,Men Black Printed Cotton Blend Kurta with Kantha Print,https://www.nykaafashion.com/men/ethnicwear/kurtas/c/6842,nykaa_category_listing,9/4/2026,pdp_url_resolved_from_web,nykaafashion.com
SKU59,,kurta,2000,,,,,,,,,,,,,,,,listing_only,,Brand: TRYBUY.IN; product: Mens Full Sleeves Chikankari Kurta; listed price: ?2000.,"PDP-level review count, rating, detailed specifications and seller details were not expanded in this listing-level scrape.",Listing-level sample scraped from current Nykaa Fashion category page; direct PDP fields intentionally left blank when not observed. No buyer-photo logic used.,TRYBUY.IN,Mens Full Sleeves Chikankari Kurta,https://www.nykaafashion.com/men/ethnicwear/kurtas/c/6842,nykaa_category_listing,9/4/2026,pdp_url_not_resolved,
SKU60,https://www.nykaafashion.com/kuons-avenue-mens-black-denim-casual-short-kurta/p/18696485,kurta,1300,,,,,,,,,,,,,,,,listing_only,,Brand: KUONS AVENUE; product: Mens Black Denim Casual Short Kurta; listed price: ?1300.,"PDP-level review count, rating, detailed specifications and seller details were not expanded in this listing-level scrape.",Listing-level sample scraped from current Nykaa Fashion category page; direct PDP fields intentionally left blank when not observed. No buyer-photo logic used.,KUONS AVENUE,Mens Black Denim Casual Short Kurta,https://www.nykaafashion.com/men/ethnicwear/kurtas/c/6842,nykaa_category_listing,9/4/2026,pdp_url_resolved_from_web,nykaafashion.com
SKU61,https://www.nykaafashion.com/tabard-cotton-printed-blue-ethnicwear-men-kurta/p/13159061,kurta,1200,,,,Y,Cotton,,,,,,,,,,,listing_only,,Brand: TABARD; product: Cotton Printed Blue Ethnicwear Men Kurta; listed price: ?1200.,"PDP-level review count, rating, detailed specifications and seller details were not expanded in this listing-level scrape.",Listing-level sample scraped from current Nykaa Fashion category page; direct PDP fields intentionally left blank when not observed. No buyer-photo logic used.,TABARD,Cotton Printed Blue Ethnicwear Men Kurta,https://www.nykaafashion.com/men/ethnicwear/kurtas/c/6842,nykaa_category_listing,9/4/2026,pdp_url_resolved_from_web,nykaafashion.com
SKU62,https://www.nykaafashion.com/calvin-klein-navy-blue-solid-slim-fit-cotton-shirt/p/21971735,formal shirt,6999,,,,Y,Cotton,,,,,Slim,,,,,,listing_only,,Brand: Calvin Klein; product: Navy Blue Solid Slim Fit Cotton Shirt; listed price: ?6999.,"PDP-level review count, rating, detailed specifications and seller details were not expanded in this listing-level scrape.",Listing-level sample scraped from current Nykaa Fashion category page; direct PDP fields intentionally left blank when not observed. No buyer-photo logic used.,Calvin Klein,Navy Blue Solid Slim Fit Cotton Shirt,https://www.nykaafashion.com/men/topwear/formal-shirts/c/6828,nykaa_category_listing,9/4/2026,pdp_url_resolved_from_web,nykaafashion.com
SKU63,https://www.nykaafashion.com/h-m-men-blue-regular-fit-oxford-shirt/p/24304366,formal shirt,1799,,,,,,,,,,Regular,,,,,,listing_only,,Brand: H&M; product: Men Blue Regular Fit Oxford Shirt; listed price: ?1799.,"PDP-level review count, rating, detailed specifications and seller details were not expanded in this listing-level scrape.",Listing-level sample scraped from current Nykaa Fashion category page; direct PDP fields intentionally left blank when not observed. No buyer-photo logic used.,H&M,Men Blue Regular Fit Oxford Shirt,https://www.nykaafashion.com/men/topwear/formal-shirts/c/6828,nykaa_category_listing,9/4/2026,pdp_url_resolved_from_web,nykaafashion.com
SKU64,https://www.nykaafashion.com/louis-philippe-men-blue-slim-fit-solid-full-sleeves-formal-shirt/p/16821348,formal shirt,1475,,,,Y,Cotton,,,,,Slim,,,,,,listing_only,,Brand: Louis Philippe; product: Mens Blue Solid Easy to Iron Cotton Slim fit Formal Shirt; listed price: ?1475.,"PDP-level review count, rating, detailed specifications and seller details were not expanded in this listing-level scrape.",Listing-level sample scraped from current Nykaa Fashion category page; direct PDP fields intentionally left blank when not observed. No buyer-photo logic used.,Louis Philippe,Mens Blue Solid Easy to Iron Cotton Slim fit Formal Shirt,https://www.nykaafashion.com/men/topwear/formal-shirts/c/6828,nykaa_category_listing,9/4/2026,pdp_url_resolved_from_web,nykaafashion.com
SKU65,https://www.nykaafashion.com/u-s-polo-assn-white-men-s-pure-cotton-tailored-fit-shirt/p/20178559,formal shirt,1728,,,,Y,Cotton,,,,,,,,,,,listing_only,,Brand: U.S. POLO ASSN.; product: White Men's Pure Cotton Tailored Fit Shirt; listed price: ?1728.,"PDP-level review count, rating, detailed specifications and seller details were not expanded in this listing-level scrape.",Listing-level sample scraped from current Nykaa Fashion category page; direct PDP fields intentionally left blank when not observed. No buyer-photo logic used.,U.S. POLO ASSN.,White Men's Pure Cotton Tailored Fit Shirt,https://www.nykaafashion.com/men/topwear/formal-shirts/c/6828,nykaa_category_listing,9/4/2026,pdp_url_resolved_from_web,nykaafashion.com
SKU66,https://www.nykaafashion.com/rare-rabbit-linux-light-beige-solid-shirt/p/13029492,formal shirt,1950,,,,,,,,,,,,,,,,listing_only,,Brand: Rare Rabbit; product: Linux Light Beige Solid Shirt; listed price: ?1950.,"PDP-level review count, rating, detailed specifications and seller details were not expanded in this listing-level scrape.",Listing-level sample scraped from current Nykaa Fashion category page; direct PDP fields intentionally left blank when not observed. No buyer-photo logic used.,Rare Rabbit,Linux Light Beige Solid Shirt,https://www.nykaafashion.com/men/topwear/formal-shirts/c/6828,nykaa_category_listing,9/4/2026,pdp_url_resolved_from_web,nykaafashion.com
SKU67,,formal shirt,1976,,,,,,,,,,Regular,,,,,,listing_only,,Brand: Rare Rabbit; product: Holand Dusky Purple Plain Regular Fit Shirt; listed price: ?1976.,"PDP-level review count, rating, detailed specifications and seller details were not expanded in this listing-level scrape.",Listing-level sample scraped from current Nykaa Fashion category page; direct PDP fields intentionally left blank when not observed. No buyer-photo logic used.,Rare Rabbit,Holand Dusky Purple Plain Regular Fit Shirt,https://www.nykaafashion.com/men/topwear/formal-shirts/c/6828,nykaa_category_listing,9/4/2026,pdp_url_not_resolved,
SKU68,https://www.nykaafashion.com/arrow-mens-vertical-striped-manhattan-slim-fit-velocity-shirt/p/19925750,formal shirt,1260,,,,,,,,,,Slim,,,,,,listing_only,,Brand: Arrow; product: Mens Vertical Striped Manhattan Slim Fit Velocity Shirt; listed price: ?1260.,"PDP-level review count, rating, detailed specifications and seller details were not expanded in this listing-level scrape.",Listing-level sample scraped from current Nykaa Fashion category page; direct PDP fields intentionally left blank when not observed. No buyer-photo logic used.,Arrow,Mens Vertical Striped Manhattan Slim Fit Velocity Shirt,https://www.nykaafashion.com/men/topwear/formal-shirts/c/6828,nykaa_category_listing,9/4/2026,pdp_url_resolved_from_web,nykaafashion.com
SKU69,,formal shirt,1196,,,,Y,Cotton,,,,,Slim,,,,,,listing_only,,Brand: Raymond; product: Grey Cotton Blend Full Sleeves Cotton Blend Slim Fit Stripes Shirt; listed price: ?1196.,"PDP-level review count, rating, detailed specifications and seller details were not expanded in this listing-level scrape.",Listing-level sample scraped from current Nykaa Fashion category page; direct PDP fields intentionally left blank when not observed. No buyer-photo logic used.,Raymond,Grey Cotton Blend Full Sleeves Cotton Blend Slim Fit Stripes Shirt,https://www.nykaafashion.com/men/topwear/formal-shirts/c/6828,nykaa_category_listing,9/4/2026,pdp_url_not_resolved,
SKU70,,formal shirt,1380,,,,Y,Cotton,,,,,Slim,,,,,,listing_only,,Brand: Arrow; product: White Manhattan Slim Fit Cotton Textured Shirt; listed price: ?1380.,"PDP-level review count, rating, detailed specifications and seller details were not expanded in this listing-level scrape.",Listing-level sample scraped from current Nykaa Fashion category page; direct PDP fields intentionally left blank when not observed. No buyer-photo logic used.,Arrow,White Manhattan Slim Fit Cotton Textured Shirt,https://www.nykaafashion.com/men/topwear/formal-shirts/c/6828,nykaa_category_listing,9/4/2026,pdp_url_not_resolved,
SKU71,,formal shirt,2581,,,,,,,,,,Regular,,,,,,listing_only,,Brand: Van Heusen; product: Men Black Regular Fit Stripe Full Sleeves Formal Shirt; listed price: ?2581.,"PDP-level review count, rating, detailed specifications and seller details were not expanded in this listing-level scrape.",Listing-level sample scraped from current Nykaa Fashion category page; direct PDP fields intentionally left blank when not observed. No buyer-photo logic used.,Van Heusen,Men Black Regular Fit Stripe Full Sleeves Formal Shirt,https://www.nykaafashion.com/men/topwear/formal-shirts/c/6828,nykaa_category_listing,9/4/2026,pdp_url_not_resolved,
SKU72,,formal shirt,1035,,,,Y,Cotton,,,,,,,,,,,listing_only,,Brand: Arrow; product: Blue Cotton Full Sleeves Shirt; listed price: ?1035.,"PDP-level review count, rating, detailed specifications and seller details were not expanded in this listing-level scrape.",Listing-level sample scraped from current Nykaa Fashion category page; direct PDP fields intentionally left blank when not observed. No buyer-photo logic used.,Arrow,Blue Cotton Full Sleeves Shirt,https://www.nykaafashion.com/men/topwear/formal-shirts/c/6828,nykaa_category_listing,9/4/2026,pdp_url_not_resolved,
SKU73,https://www.nykaafashion.com/arrow-newyork-mens-vertical-striped-manhattan-slim-fit-shirt/p/23460271,formal shirt,2275,,,,,,,,,,Slim,,,,,,listing_only,,Brand: Arrow Newyork; product: Mens Vertical Striped Manhattan Slim Fit Shirt; listed price: ?2275.,"PDP-level review count, rating, detailed specifications and seller details were not expanded in this listing-level scrape.",Listing-level sample scraped from current Nykaa Fashion category page; direct PDP fields intentionally left blank when not observed. No buyer-photo logic used.,Arrow Newyork,Mens Vertical Striped Manhattan Slim Fit Shirt,https://www.nykaafashion.com/men/topwear/formal-shirts/c/6828,nykaa_category_listing,9/4/2026,pdp_url_resolved_from_web,nykaafashion.com
SKU74,https://www.nykaafashion.com/greenfibre-men-beige-stripes-formal-shirt/p/20160363,formal shirt,984,,,,,,,,,,,,,,,,listing_only,,Brand: Greenfibre; product: Men Beige Stripes Formal Shirt; listed price: ?984.,"PDP-level review count, rating, detailed specifications and seller details were not expanded in this listing-level scrape.",Listing-level sample scraped from current Nykaa Fashion category page; direct PDP fields intentionally left blank when not observed. No buyer-photo logic used.,Greenfibre,Men Beige Stripes Formal Shirt,https://www.nykaafashion.com/men/topwear/formal-shirts/c/6828,nykaa_category_listing,9/4/2026,pdp_url_resolved_from_web,nykaafashion.com
SKU75,,formal shirt,3685,,,,,,,,,,Regular,,,,,,listing_only,,Brand: Tommy Hilfiger; product: Black Striped Regular Fit Hemp Shirt; listed price: ?3685.,"PDP-level review count, rating, detailed specifications and seller details were not expanded in this listing-level scrape.",Listing-level sample scraped from current Nykaa Fashion category page; direct PDP fields intentionally left blank when not observed. No buyer-photo logic used.,Tommy Hilfiger,Black Striped Regular Fit Hemp Shirt,https://www.nykaafashion.com/men/topwear/formal-shirts/c/6828,nykaa_category_listing,9/4/2026,pdp_url_not_resolved,
SKU76,,formal shirt,2224,,,,,,,,,,,,,,,,listing_only,,Brand: Allen Solly; product: Men Black Stripe Full Sleeves Formal Shirt; listed price: ?2224.,"PDP-level review count, rating, detailed specifications and seller details were not expanded in this listing-level scrape.",Listing-level sample scraped from current Nykaa Fashion category page; direct PDP fields intentionally left blank when not observed. No buyer-photo logic used.,Allen Solly,Men Black Stripe Full Sleeves Formal Shirt,https://www.nykaafashion.com/men/topwear/formal-shirts/c/6828,nykaa_category_listing,9/4/2026,pdp_url_not_resolved,
SKU77,,formal shirt,741,,,,,,,,,,Slim,,,,,,listing_only,,Brand: The Indian Garage Co; product: Men’s Slim Fit Solid Cutaway Collar Formal Shirt; listed price: ?741.,"PDP-level review count, rating, detailed specifications and seller details were not expanded in this listing-level scrape.",Listing-level sample scraped from current Nykaa Fashion category page; direct PDP fields intentionally left blank when not observed. No buyer-photo logic used.,The Indian Garage Co,Men’s Slim Fit Solid Cutaway Collar Formal Shirt,https://www.nykaafashion.com/men/topwear/formal-shirts/c/6828,nykaa_category_listing,9/4/2026,pdp_url_not_resolved,
SKU78,,formal shirt,1512,,,,,,,,,,Regular,,,,,,listing_only,,Brand: Van Heusen; product: Green Stripes Regular Fit Shirt; listed price: ?1512.,"PDP-level review count, rating, detailed specifications and seller details were not expanded in this listing-level scrape.",Listing-level sample scraped from current Nykaa Fashion category page; direct PDP fields intentionally left blank when not observed. No buyer-photo logic used.,Van Heusen,Green Stripes Regular Fit Shirt,https://www.nykaafashion.com/men/topwear/formal-shirts/c/6828,nykaa_category_listing,9/4/2026,pdp_url_not_resolved,
SKU79,https://www.nykaafashion.com/peter-england-men-maroon-regular-fit-full-sleeves-formal-shirt/p/24073007,formal shirt,1599,,,,,,,,,,Regular,,,,,,listing_only,,Brand: Peter England; product: Maroon Regular Fit Full Sleeves Formal Shirt; listed price: ?1599.,"PDP-level review count, rating, detailed specifications and seller details were not expanded in this listing-level scrape.",Listing-level sample scraped from current Nykaa Fashion category page; direct PDP fields intentionally left blank when not observed. No buyer-photo logic used.,Peter England,Maroon Regular Fit Full Sleeves Formal Shirt,https://www.nykaafashion.com/men/topwear/formal-shirts/c/6828,nykaa_category_listing,9/4/2026,pdp_url_resolved_from_web,nykaafashion.com
SKU80,,formal shirt,1215,,,,,,,,,,,,,,,,listing_only,,Brand: Arrow; product: Men Liberty Classic Fit Solid Shirt; listed price: ?1215.,"PDP-level review count, rating, detailed specifications and seller details were not expanded in this listing-level scrape.",Listing-level sample scraped from current Nykaa Fashion category page; direct PDP fields intentionally left blank when not observed. No buyer-photo logic used.,Arrow,Men Liberty Classic Fit Solid Shirt,https://www.nykaafashion.com/men/topwear/formal-shirts/c/6828,nykaa_category_listing,9/4/2026,pdp_url_not_resolved,
SKU81,https://www.nykaafashion.com/louis-philippe-men-grey-slim-fit-solid-flat-front-formal-trousers/p/21009840,formal shirt,1612,,,,,,,,,,Slim,,,,,,listing_only,,Brand: Louis Philippe; product: Men Grey Slim Fit Solid Flat Front Formal Trousers; listed price: ?1612.,"PDP-level review count, rating, detailed specifications and seller details were not expanded in this listing-level scrape.",Listing-level sample scraped from current Nykaa Fashion category page; direct PDP fields intentionally left blank when not observed. No buyer-photo logic used.,Louis Philippe,Men Grey Slim Fit Solid Flat Front Formal Trousers,https://www.nykaafashion.com/men/topwear/formal-shirts/c/6828,nykaa_category_listing,9/4/2026,pdp_url_resolved_from_web,nykaafashion.com
SKU82,,bottomwear,1156,,,,Y,Cotton,,,,,,,,,,,listing_only,,Brand: Styli; product: Cotton Stretch Balloon Fit Jeans; listed price: ?1156.,"PDP-level review count, rating, detailed specifications and seller details were not expanded in this listing-level scrape.",Listing-level sample scraped from current Nykaa Fashion category page; direct PDP fields intentionally left blank when not observed. No buyer-photo logic used.,Styli,Cotton Stretch Balloon Fit Jeans,https://www.nykaafashion.com/men/bottomwear/c/6834,nykaa_category_listing,9/4/2026,pdp_url_not_resolved,
SKU83,https://www.nykaafashion.com/broadstar-stretchable-off-white-loose-fit-solid-korean-trouser/p/21126176,bottomwear,1260,,,,,,,,,,Loose,,,,,,listing_only,,Brand: BROADSTAR; product: Stretchable Off White Loose Fit Solid Korean Trouser; listed price: ?1260.,"PDP-level review count, rating, detailed specifications and seller details were not expanded in this listing-level scrape.",Listing-level sample scraped from current Nykaa Fashion category page; direct PDP fields intentionally left blank when not observed. No buyer-photo logic used.,BROADSTAR,Stretchable Off White Loose Fit Solid Korean Trouser,https://www.nykaafashion.com/men/bottomwear/c/6834,nykaa_category_listing,9/4/2026,pdp_url_resolved_from_web,nykaafashion.com
SKU84,https://www.nykaafashion.com/styli-men-s-black-solid-wide-leg-cotton-casual-trousers-with-drawstring/p/16175492,bottomwear,830,,,,Y,Cotton,,,,,,,,,,,listing_only,,Brand: Styli; product: Men's Black Solid Wide Leg Cotton Casual Trousers with Drawstring; listed price: ?830.,"PDP-level review count, rating, detailed specifications and seller details were not expanded in this listing-level scrape.",Listing-level sample scraped from current Nykaa Fashion category page; direct PDP fields intentionally left blank when not observed. No buyer-photo logic used.,Styli,Men's Black Solid Wide Leg Cotton Casual Trousers with Drawstring,https://www.nykaafashion.com/men/bottomwear/c/6834,nykaa_category_listing,9/4/2026,pdp_url_resolved_from_web,nykaafashion.com
SKU85,,bottomwear,1350,,,,,,,,,,Loose,,,,,,listing_only,,Brand: Flying Machine; product: Brown Mid Rise Cobain Loose Fit Cargo; listed price: ?1350.,"PDP-level review count, rating, detailed specifications and seller details were not expanded in this listing-level scrape.",Listing-level sample scraped from current Nykaa Fashion category page; direct PDP fields intentionally left blank when not observed. No buyer-photo logic used.,Flying Machine,Brown Mid Rise Cobain Loose Fit Cargo,https://www.nykaafashion.com/men/bottomwear/c/6834,nykaa_category_listing,9/4/2026,pdp_url_not_resolved,
SKU86,,bottomwear,2499,,,,,,,,,,,,,,,,listing_only,,Brand: Jack & Jones; product: Black Bootcut Jeans; listed price: ?2499.,"PDP-level review count, rating, detailed specifications and seller details were not expanded in this listing-level scrape.",Listing-level sample scraped from current Nykaa Fashion category page; direct PDP fields intentionally left blank when not observed. No buyer-photo logic used.,Jack & Jones,Black Bootcut Jeans,https://www.nykaafashion.com/men/bottomwear/c/6834,nykaa_category_listing,9/4/2026,pdp_url_not_resolved,
SKU87,https://www.nykaafashion.com/allen-solly-men-beige-solid-casual-trousers/p/20460243,bottomwear,1525,,,,,,,,,,,,,,,,listing_only,,Brand: Allen Solly; product: Men Beige Solid Casual Trousers; listed price: ?1525.,"PDP-level review count, rating, detailed specifications and seller details were not expanded in this listing-level scrape.",Listing-level sample scraped from current Nykaa Fashion category page; direct PDP fields intentionally left blank when not observed. No buyer-photo logic used.,Allen Solly,Men Beige Solid Casual Trousers,https://www.nykaafashion.com/men/bottomwear/c/6834,nykaa_category_listing,9/4/2026,pdp_url_resolved_from_web,nykaafashion.com
SKU88,,bottomwear,825,,,,,,,,,,,,,,,,listing_only,,Brand: ETHNIC BAY; product: Men Black Modal Solid Straight Trouser; listed price: ?825.,"PDP-level review count, rating, detailed specifications and seller details were not expanded in this listing-level scrape.",Listing-level sample scraped from current Nykaa Fashion category page; direct PDP fields intentionally left blank when not observed. No buyer-photo logic used.,ETHNIC BAY,Men Black Modal Solid Straight Trouser,https://www.nykaafashion.com/men/bottomwear/c/6834,nykaa_category_listing,9/4/2026,pdp_url_not_resolved,
SKU89,https://www.nykaafashion.com/snitch-men-light-brown-plain-relaxed-casual-trouser/p/20715643,bottomwear,1499,,,,,,,,,,,,,,,,listing_only,,Brand: Snitch; product: Men Light Brown Plain Relaxed Casual Trouser; listed price: ?1499.,"PDP-level review count, rating, detailed specifications and seller details were not expanded in this listing-level scrape.",Listing-level sample scraped from current Nykaa Fashion category page; direct PDP fields intentionally left blank when not observed. No buyer-photo logic used.,Snitch,Men Light Brown Plain Relaxed Casual Trouser,https://www.nykaafashion.com/men/bottomwear/c/6834,nykaa_category_listing,9/4/2026,pdp_url_resolved_from_web,nykaafashion.com
SKU90,https://www.nykaafashion.com/bewakoof-men-light-blue-slim-straight-fit-stretchable-mid-rise-jeans/p/25141260,bottomwear,1189,,,,,,,,,,,,,,,,listing_only,,Brand: Bewakoof; product: Men Light Blue Slim Straight Fit Stretchable Mid-Rise Jeans; listed price: ?1189.,"PDP-level review count, rating, detailed specifications and seller details were not expanded in this listing-level scrape.",Listing-level sample scraped from current Nykaa Fashion category page; direct PDP fields intentionally left blank when not observed. No buyer-photo logic used.,Bewakoof,Men Light Blue Slim Straight Fit Stretchable Mid-Rise Jeans,https://www.nykaafashion.com/men/bottomwear/c/6834,nykaa_category_listing,9/4/2026,pdp_url_resolved_from_web,nykaafashion.com
SKU91,,bottomwear,969,,,,,,,,,,Relaxed,,,,,,listing_only,,Brand: The Indian Garage Co; product: Black Men's Relaxed Fit Solid Mid-Rise Elasticated Cargo; listed price: ?969.,"PDP-level review count, rating, detailed specifications and seller details were not expanded in this listing-level scrape.",Listing-level sample scraped from current Nykaa Fashion category page; direct PDP fields intentionally left blank when not observed. No buyer-photo logic used.,The Indian Garage Co,Black Men's Relaxed Fit Solid Mid-Rise Elasticated Cargo,https://www.nykaafashion.com/men/bottomwear/c/6834,nykaa_category_listing,9/4/2026,pdp_url_not_resolved,
SKU92,,bottomwear,2799,,,,,,,,,,Loose,,,,,,listing_only,,Brand: H&M; product: Men White Loose Fit Cargo Trousers; listed price: ?2799.,"PDP-level review count, rating, detailed specifications and seller details were not expanded in this listing-level scrape.",Listing-level sample scraped from current Nykaa Fashion category page; direct PDP fields intentionally left blank when not observed. No buyer-photo logic used.,H&M,Men White Loose Fit Cargo Trousers,https://www.nykaafashion.com/men/bottomwear/c/6834,nykaa_category_listing,9/4/2026,pdp_url_not_resolved,
SKU93,https://www.nykaafashion.com/campus-sutra-men-beige-solid-regular-fit-casual-trouser/p/16806777,bottomwear,1100,,,,,,,,,,,,,,,,listing_only,,Brand: CAHOOT; product: Men Beige Solid Casual Trouser; listed price: ?1100.,"PDP-level review count, rating, detailed specifications and seller details were not expanded in this listing-level scrape.",Listing-level sample scraped from current Nykaa Fashion category page; direct PDP fields intentionally left blank when not observed. No buyer-photo logic used.,CAHOOT,Men Beige Solid Casual Trouser,https://www.nykaafashion.com/men/bottomwear/c/6834,nykaa_category_listing,9/4/2026,pdp_url_resolved_from_web,nykaafashion.com
SKU94,,bottomwear,650,,,,,,,,,,Regular,,,,,,listing_only,,Brand: Nite Flite; product: Mens Picasso Purple Solid Regular Fit Casual Trousers; listed price: ?650.,"PDP-level review count, rating, detailed specifications and seller details were not expanded in this listing-level scrape.",Listing-level sample scraped from current Nykaa Fashion category page; direct PDP fields intentionally left blank when not observed. No buyer-photo logic used.,Nite Flite,Mens Picasso Purple Solid Regular Fit Casual Trousers,https://www.nykaafashion.com/men/bottomwear/c/6834,nykaa_category_listing,9/4/2026,pdp_url_not_resolved,
SKU95,,bottomwear,2999,,,,,,,,,,Loose,,,,,,listing_only,,Brand: Levi's; product: Mens 555 Dark-Blue Loose Fit Mid Rise Jeans; listed price: ?2999.,"PDP-level review count, rating, detailed specifications and seller details were not expanded in this listing-level scrape.",Listing-level sample scraped from current Nykaa Fashion category page; direct PDP fields intentionally left blank when not observed. No buyer-photo logic used.,Levi's,Mens 555 Dark-Blue Loose Fit Mid Rise Jeans,https://www.nykaafashion.com/men/bottomwear/c/6834,nykaa_category_listing,9/4/2026,pdp_url_not_resolved,
SKU96,https://www.nykaafashion.com/peter-england-men-brown-solid-super-slim-fit-casual-trouser/p/11330084,bottomwear,1300,,,,,,,,,,Slim,,,,,,listing_only,,Brand: Peter England; product: Men Brown Solid Super Slim Fit Casual Trouser; listed price: ?1300.,"PDP-level review count, rating, detailed specifications and seller details were not expanded in this listing-level scrape.",Listing-level sample scraped from current Nykaa Fashion category page; direct PDP fields intentionally left blank when not observed. No buyer-photo logic used.,Peter England,Men Brown Solid Super Slim Fit Casual Trouser,https://www.nykaafashion.com/men/bottomwear/c/6834,nykaa_category_listing,9/4/2026,pdp_url_resolved_from_web,nykaafashion.com
SKU97,,accessories,3490,,,,,,,,,,,,,,,,listing_only,,Brand: Inc.5; product: Womens Silver Party Textured Sling Bag; listed price: ?3490.,"PDP-level review count, rating, detailed specifications and seller details were not expanded in this listing-level scrape.",Listing-level sample scraped from current Nykaa Fashion category page; direct PDP fields intentionally left blank when not observed. No buyer-photo logic used.,Inc.5,Womens Silver Party Textured Sling Bag,https://www.nykaafashion.com/women/bags/c/89,nykaa_category_listing,9/4/2026,pdp_url_not_resolved,
SKU98,https://www.nykaafashion.com/miraggio-wine-sabrina-crossbody-bag/p/17263981,accessories,2880,,,,,,,,,,,,,,,,listing_only,,Brand: MIRAGGIO; product: Sabrina Wine Top Handle Sling Bag With Detachable Chain Strap; listed price: ?2880.,"PDP-level review count, rating, detailed specifications and seller details were not expanded in this listing-level scrape.",Listing-level sample scraped from current Nykaa Fashion category page; direct PDP fields intentionally left blank when not observed. No buyer-photo logic used.,MIRAGGIO,Sabrina Wine Top Handle Sling Bag With Detachable Chain Strap,https://www.nykaafashion.com/women/bags/c/89,nykaa_category_listing,9/4/2026,pdp_url_resolved_from_web,nykaafashion.com
SKU99,,accessories,600,,,,,,,,,,,,,,,,listing_only,,Brand: Puma; product: Black Solid Sling Bag with Detachable Strap; listed price: ?600.,"PDP-level review count, rating, detailed specifications and seller details were not expanded in this listing-level scrape.",Listing-level sample scraped from current Nykaa Fashion category page; direct PDP fields intentionally left blank when not observed. No buyer-photo logic used.,Puma,Black Solid Sling Bag with Detachable Strap,https://www.nykaafashion.com/women/bags/c/89,nykaa_category_listing,9/4/2026,pdp_url_not_resolved,
SKU100,,accessories,2100,,,,Y,Polyester,,,,,,,,,,,listing_only,,Brand: Tommy Hilfiger; product: Unisex Urbana Polyester 14 Inch Laptop Backpack - Black; listed price: ?2100.,"PDP-level review count, rating, detailed specifications and seller details were not expanded in this listing-level scrape.",Listing-level sample scraped from current Nykaa Fashion category page; direct PDP fields intentionally left blank when not observed. No buyer-photo logic used.,Tommy Hilfiger,Unisex Urbana Polyester 14 Inch Laptop Backpack - Black,https://www.nykaafashion.com/women/bags/c/89,nykaa_category_listing,9/4/2026,pdp_url_not_resolved,
SKU101,,accessories,3290,,,,Y,Leather,,,,,,,,,,,listing_only,,Brand: Inc.5; product: Women Black Leather Textured Sling Bag; listed price: ?3290.,"PDP-level review count, rating, detailed specifications and seller details were not expanded in this listing-level scrape.",Listing-level sample scraped from current Nykaa Fashion category page; direct PDP fields intentionally left blank when not observed. No buyer-photo logic used.,Inc.5,Women Black Leather Textured Sling Bag,https://www.nykaafashion.com/women/bags/c/89,nykaa_category_listing,9/4/2026,pdp_url_not_resolved,
SKU102,,accessories,2299,,,,,,,,,,,,,,,,listing_only,,Brand: H&M; product: Women Brown Shoulder Bag; listed price: ?2299.,"PDP-level review count, rating, detailed specifications and seller details were not expanded in this listing-level scrape.",Listing-level sample scraped from current Nykaa Fashion category page; direct PDP fields intentionally left blank when not observed. No buyer-photo logic used.,H&M,Women Brown Shoulder Bag,https://www.nykaafashion.com/women/bags/c/89,nykaa_category_listing,9/4/2026,pdp_url_not_resolved,
SKU103,,accessories,2255,,,,,,,,,,,,,,,,listing_only,,Brand: Haute Sauce; product: White The Burg Sling Bag with Detachable Strap; listed price: ?2255.,"PDP-level review count, rating, detailed specifications and seller details were not expanded in this listing-level scrape.",Listing-level sample scraped from current Nykaa Fashion category page; direct PDP fields intentionally left blank when not observed. No buyer-photo logic used.,Haute Sauce,White The Burg Sling Bag with Detachable Strap,https://www.nykaafashion.com/women/bags/c/89,nykaa_category_listing,9/4/2026,pdp_url_not_resolved,
SKU104,,accessories,7999,,,,,,,,,,,,,,,,listing_only,,Brand: Aldo; product: MARICAR Womens Beige Handbag; listed price: ?7999.,"PDP-level review count, rating, detailed specifications and seller details were not expanded in this listing-level scrape.",Listing-level sample scraped from current Nykaa Fashion category page; direct PDP fields intentionally left blank when not observed. No buyer-photo logic used.,Aldo,MARICAR Womens Beige Handbag,https://www.nykaafashion.com/women/bags/c/89,nykaa_category_listing,9/4/2026,pdp_url_not_resolved,
SKU105,,accessories,1008,,,,,,,,,,,,,,,,listing_only,,Brand: Fastrack; product: Women Patent Party Tote Bag Fits Upto 14 Inch Laptop; listed price: ?1008.,"PDP-level review count, rating, detailed specifications and seller details were not expanded in this listing-level scrape.",Listing-level sample scraped from current Nykaa Fashion category page; direct PDP fields intentionally left blank when not observed. No buyer-photo logic used.,Fastrack,Women Patent Party Tote Bag Fits Upto 14 Inch Laptop,https://www.nykaafashion.com/women/bags/c/89,nykaa_category_listing,9/4/2026,pdp_url_not_resolved,
SKU106,,accessories,1374,,,,,,,,,,,,,,,,listing_only,,Brand: Mochi; product: Women Casual Beige Shoulder Bag with Detachable Sling; listed price: ?1374.,"PDP-level review count, rating, detailed specifications and seller details were not expanded in this listing-level scrape.",Listing-level sample scraped from current Nykaa Fashion category page; direct PDP fields intentionally left blank when not observed. No buyer-photo logic used.,Mochi,Women Casual Beige Shoulder Bag with Detachable Sling,https://www.nykaafashion.com/women/bags/c/89,nykaa_category_listing,9/4/2026,pdp_url_not_resolved,
SKU107,,activewear,799,,,,Y,Cotton,,,,,,,,,,,listing_only,,Brand: Nykd by Nykaa; product: Mid-Impact Cotton Sports Bra with Hook & Eye & Removable Cups NYK904 Jet Black; listed price: ?799.,"PDP-level review count, rating, detailed specifications and seller details were not expanded in this listing-level scrape.",Listing-level sample scraped from current Nykaa Fashion category page; direct PDP fields intentionally left blank when not observed. No buyer-photo logic used.,Nykd by Nykaa,Mid-Impact Cotton Sports Bra with Hook & Eye & Removable Cups NYK904 Jet Black,https://www.nykaafashion.com/women/active-sports/c/13970,nykaa_category_listing,9/4/2026,pdp_url_not_resolved,
SKU108,https://www.nykaafashion.com/blissclub-women-the-ultimate-flare-pants-lite-with-hidden-back-pocket/p/18107004,activewear,999,,,,,,,,,,,,,,,,listing_only,,Brand: Blissclub; product: Women The Ultimate Flare Pants - Lite with Hidden Back Pocket; listed price: ?999.,"PDP-level review count, rating, detailed specifications and seller details were not expanded in this listing-level scrape.",Listing-level sample scraped from current Nykaa Fashion category page; direct PDP fields intentionally left blank when not observed. No buyer-photo logic used.,Blissclub,Women The Ultimate Flare Pants - Lite with Hidden Back Pocket,https://www.nykaafashion.com/women/active-sports/c/13970,nykaa_category_listing,9/4/2026,pdp_url_resolved_from_web,nykaafashion.com
SKU109,https://www.nykaafashion.com/color-capital-women-black-polyester-solid-tights/p/24167572,activewear,790,,,,Y,Polyester,,,,,,,,,,,listing_only,,Brand: COLOR CAPITAL; product: Women Black Polyester Solid Tights; listed price: ?790.,"PDP-level review count, rating, detailed specifications and seller details were not expanded in this listing-level scrape.",Listing-level sample scraped from current Nykaa Fashion category page; direct PDP fields intentionally left blank when not observed. No buyer-photo logic used.,COLOR CAPITAL,Women Black Polyester Solid Tights,https://www.nykaafashion.com/women/active-sports/c/13970,nykaa_category_listing,9/4/2026,pdp_url_resolved_from_web,nykaafashion.com
SKU110,https://www.nykaafashion.com/puma-ess-logo-high-waist-womens-black-trackpants/p/18810714,activewear,2970,,,,,,,,,,,,,,,,listing_only,,Brand: Puma; product: ESS Logo High-Waist Womens Black Trackpants; listed price: ?2970.,"PDP-level review count, rating, detailed specifications and seller details were not expanded in this listing-level scrape.",Listing-level sample scraped from current Nykaa Fashion category page; direct PDP fields intentionally left blank when not observed. No buyer-photo logic used.,Puma,ESS Logo High-Waist Womens Black Trackpants,https://www.nykaafashion.com/women/active-sports/c/13970,nykaa_category_listing,9/4/2026,pdp_url_resolved_from_web,nykaafashion.com
SKU111,,activewear,678,,,,Y,Cotton,,,,,,,,,,,listing_only,,Brand: Nykd by Nykaa; product: Cotton Terry Full Sleeve Round Neck Cozy Sweatshirt-NYLE703-Grape; listed price: ?678.,"PDP-level review count, rating, detailed specifications and seller details were not expanded in this listing-level scrape.",Listing-level sample scraped from current Nykaa Fashion category page; direct PDP fields intentionally left blank when not observed. No buyer-photo logic used.,Nykd by Nykaa,Cotton Terry Full Sleeve Round Neck Cozy Sweatshirt-NYLE703-Grape,https://www.nykaafashion.com/women/active-sports/c/13970,nykaa_category_listing,9/4/2026,pdp_url_not_resolved,
SKU112,,activewear,2799,,,,,,,,,,,,,,,,listing_only,,Brand: H&M MOVE; product: Women Black Wide Sports Leggings With Softmove; listed price: ?2799.,"PDP-level review count, rating, detailed specifications and seller details were not expanded in this listing-level scrape.",Listing-level sample scraped from current Nykaa Fashion category page; direct PDP fields intentionally left blank when not observed. No buyer-photo logic used.,H&M MOVE,Women Black Wide Sports Leggings With Softmove,https://www.nykaafashion.com/women/active-sports/c/13970,nykaa_category_listing,9/4/2026,pdp_url_not_resolved,
SKU113,https://www.nykaafashion.com/cava-athleisure-bell-bottom-v-waist-long-leggings/p/14738243,activewear,1430,,,,,,,,,,,,,,,,listing_only,,Brand: Cava Athleisure; product: Obsidian Black Tall Hourglass Flared Leggings; listed price: ?1430.,"PDP-level review count, rating, detailed specifications and seller details were not expanded in this listing-level scrape.",Listing-level sample scraped from current Nykaa Fashion category page; direct PDP fields intentionally left blank when not observed. No buyer-photo logic used.,Cava Athleisure,Obsidian Black Tall Hourglass Flared Leggings,https://www.nykaafashion.com/women/active-sports/c/13970,nykaa_category_listing,9/4/2026,pdp_url_resolved_from_web,nykaafashion.com
SKU114,,activewear,2121,,,,,,,,,,,,,,,,listing_only,,Brand: Nike; product: Sportswear Women's Shorts; listed price: ?2121.,"PDP-level review count, rating, detailed specifications and seller details were not expanded in this listing-level scrape.",Listing-level sample scraped from current Nykaa Fashion category page; direct PDP fields intentionally left blank when not observed. No buyer-photo logic used.,Nike,Sportswear Women's Shorts,https://www.nykaafashion.com/women/active-sports/c/13970,nykaa_category_listing,9/4/2026,pdp_url_not_resolved,
SKU115,https://www.nykaafashion.com/nykd-by-nykaa-iconic-super-comfy-cotton-flare-leggings-with-pockets-nyat503-grape/p/16061292,activewear,1107,,,,Y,Cotton,,,,,,,,,,,listing_only,,Brand: Nykd by Nykaa; product: Ultimate Cotton Flare Leggings with Anti-Slip Waist & Pockets NYAT503 Grape; listed price: ?1107.,"PDP-level review count, rating, detailed specifications and seller details were not expanded in this listing-level scrape.",Listing-level sample scraped from current Nykaa Fashion category page; direct PDP fields intentionally left blank when not observed. No buyer-photo logic used.,Nykd by Nykaa,Ultimate Cotton Flare Leggings with Anti-Slip Waist & Pockets NYAT503 Grape,https://www.nykaafashion.com/women/active-sports/c/13970,nykaa_category_listing,9/4/2026,pdp_url_resolved_from_web,nykaafashion.com
SKU116,,activewear,660,,,,,,,,,,,,,,,,listing_only,,Brand: BRACHY; product: Grey Full Coverage Bras for Women Comfy No Underwire Plus Size Bra High Impact V-Neck; listed price: ?660.,"PDP-level review count, rating, detailed specifications and seller details were not expanded in this listing-level scrape.",Listing-level sample scraped from current Nykaa Fashion category page; direct PDP fields intentionally left blank when not observed. No buyer-photo logic used.,BRACHY,Grey Full Coverage Bras for Women Comfy No Underwire Plus Size Bra High Impact V-Neck,https://www.nykaafashion.com/women/active-sports/c/13970,nykaa_category_listing,9/4/2026,pdp_url_not_resolved,
SKU117,,footwear,2275,,,,,,,,,,,,,,,,listing_only,,Brand: U.S. POLO ASSN.; product: Zesta 3.0 Sneaker Shoes with Premium Upper; listed price: ?2275.,"PDP-level review count, rating, detailed specifications and seller details were not expanded in this listing-level scrape.",Listing-level sample scraped from current Nykaa Fashion category page; direct PDP fields intentionally left blank when not observed. No buyer-photo logic used.,U.S. POLO ASSN.,Zesta 3.0 Sneaker Shoes with Premium Upper,https://www.nykaafashion.com/women/footwear/sneakers/c/10626,nykaa_category_listing,9/4/2026,pdp_url_not_resolved,
SKU118,https://www.nykaafashion.com/puma-smashic-womens-white-sneakers/p/9750193,footwear,1575,,,,,,,,,,,,,,,,listing_only,,Brand: Puma; product: Smashic Womens White Sneakers; listed price: ?1575.,"PDP-level review count, rating, detailed specifications and seller details were not expanded in this listing-level scrape.",Listing-level sample scraped from current Nykaa Fashion category page; direct PDP fields intentionally left blank when not observed. No buyer-photo logic used.,Puma,Smashic Womens White Sneakers,https://www.nykaafashion.com/women/footwear/sneakers/c/10626,nykaa_category_listing,9/4/2026,pdp_url_resolved_from_web,nykaafashion.com
SKU119,,footwear,5995,,,,,,,,,,,,,,,,listing_only,,Brand: Nike; product: Women's Air Max Sc Sneakers; listed price: ?5995.,"PDP-level review count, rating, detailed specifications and seller details were not expanded in this listing-level scrape.",Listing-level sample scraped from current Nykaa Fashion category page; direct PDP fields intentionally left blank when not observed. No buyer-photo logic used.,Nike,Women's Air Max Sc Sneakers,https://www.nykaafashion.com/women/footwear/sneakers/c/10626,nykaa_category_listing,9/4/2026,pdp_url_not_resolved,
SKU120,https://www.nykaafashion.com/shoetopia-women-brown-sneakers/p/24826583,footwear,850,,,,,,,,,,,,,,,,listing_only,,Brand: Shoetopia; product: Women Brown Sneakers; listed price: ?850.,"PDP-level review count, rating, detailed specifications and seller details were not expanded in this listing-level scrape.",Listing-level sample scraped from current Nykaa Fashion category page; direct PDP fields intentionally left blank when not observed. No buyer-photo logic used.,Shoetopia,Women Brown Sneakers,https://www.nykaafashion.com/women/footwear/sneakers/c/10626,nykaa_category_listing,9/4/2026,pdp_url_resolved_from_web,nykaafashion.com
SKU121,https://www.nykaafashion.com/u-s-polo-assn-women-beige-cordela-3-0-round-toe-lace-ups-sneakers/p/23335960,footwear,2622,,,,,,,,,,,,,,,,listing_only,,Brand: U.S. POLO ASSN.; product: Cordela 3.0 Beige Chunky Sneaker Shoes; listed price: ?2622.,"PDP-level review count, rating, detailed specifications and seller details were not expanded in this listing-level scrape.",Listing-level sample scraped from current Nykaa Fashion category page; direct PDP fields intentionally left blank when not observed. No buyer-photo logic used.,U.S. POLO ASSN.,Cordela 3.0 Beige Chunky Sneaker Shoes,https://www.nykaafashion.com/women/footwear/sneakers/c/10626,nykaa_category_listing,9/4/2026,pdp_url_resolved_from_web,nykaafashion.com
SKU122,,activewear,1499,,,,,,,,,,,,,,,,listing_only,,Brand: H&M; product: Men Beige Oversized Fit Long-Sleeved Jersey T-Shirt; listed price: ?1499.,"PDP-level review count, rating and detailed product specifications were not expanded in this listing-level scrape.",Listing-level sample scraped from current Nykaa Fashion category page; no buyer-photo logic used.,H&M,Men Beige Oversized Fit Long-Sleeved Jersey T-Shirt,https://www.nykaafashion.com/men/active-sports/c/13971,nykaa_category_listing,9/4/2026,pdp_url_not_resolved,
SKU123,,activewear,1300,,,,,,,,,,,,,,,,listing_only,,Brand: Puma; product: Performance Men Woven Track Pants; listed price: ?1300.,"PDP-level review count, rating and detailed product specifications were not expanded in this listing-level scrape.",Listing-level sample scraped from current Nykaa Fashion category page; no buyer-photo logic used.,Puma,Performance Men Woven Track Pants,https://www.nykaafashion.com/men/active-sports/c/13971,nykaa_category_listing,9/4/2026,pdp_url_not_resolved,
SKU124,https://www.nykaafashion.com/turnfit-men-light-grey-gym-training-trackpant/p/19589437,activewear,589,,,,,,,,,,,,,,,,listing_only,,Brand: TURNFIT; product: Men Light Grey Gym & Training Trackpant; listed price: ?589.,"PDP-level review count, rating and detailed product specifications were not expanded in this listing-level scrape.",Listing-level sample scraped from current Nykaa Fashion category page; no buyer-photo logic used.,TURNFIT,Men Light Grey Gym & Training Trackpant,https://www.nykaafashion.com/men/active-sports/c/13971,nykaa_category_listing,9/4/2026,pdp_url_resolved_from_web,nykaafashion.com
SKU125,https://www.nykaafashion.com/h-m-men-black-5-pack-regular-fit-t-shirts/p/26878301,activewear,2299,,,,,,,,,,Regular,,,,,,listing_only,,Brand: H&M; product: Men Black 5-Pack Regular Fit T-Shirts; listed price: ?2299.,"PDP-level review count, rating and detailed product specifications were not expanded in this listing-level scrape.",Listing-level sample scraped from current Nykaa Fashion category page; no buyer-photo logic used.,H&M,Men Black 5-Pack Regular Fit T-Shirts,https://www.nykaafashion.com/men/active-sports/c/13971,nykaa_category_listing,9/4/2026,pdp_url_resolved_from_web,nykaafashion.com
SKU126,https://www.nykaafashion.com/jockey-mv40-mens-microfiber-water-resistant-convertible-hoodie-jacket-black/p/12408332,activewear,1729,,,,Y,Microfiber,,,,,,,,,,,listing_only,,Brand: Jockey; product: MV40 Men Microfiber Fabric Active Wear Hoodie Jacket - Black; listed price: ?1729.,"PDP-level review count, rating and detailed product specifications were not expanded in this listing-level scrape.",Listing-level sample scraped from current Nykaa Fashion category page; no buyer-photo logic used.,Jockey,MV40 Men Microfiber Fabric Active Wear Hoodie Jacket - Black,https://www.nykaafashion.com/men/active-sports/c/13971,nykaa_category_listing,9/4/2026,pdp_url_resolved_from_web,nykaafashion.com
SKU127,,activewear,720,,,,,,,,,,,,,,,,listing_only,,Brand: adidas; product: Men Grey Stripe Joggers; listed price: ?720.,"PDP-level review count, rating and detailed product specifications were not expanded in this listing-level scrape.",Listing-level sample scraped from current Nykaa Fashion category page; no buyer-photo logic used.,adidas,Men Grey Stripe Joggers,https://www.nykaafashion.com/men/active-sports/c/13971,nykaa_category_listing,9/4/2026,pdp_url_not_resolved,
SKU128,,activewear,750,,,,,,,,,,,,,,,,listing_only,,Brand: Alcis; product: Off White Textured Mid Waist Trackpant; listed price: ?750.,"PDP-level review count, rating and detailed product specifications were not expanded in this listing-level scrape.",Listing-level sample scraped from current Nykaa Fashion category page; no buyer-photo logic used.,Alcis,Off White Textured Mid Waist Trackpant,https://www.nykaafashion.com/men/active-sports/c/13971,nykaa_category_listing,9/4/2026,pdp_url_not_resolved,
SKU129,,activewear,3654,,,,,,,,,,,,,,,,listing_only,,Brand: U.S. POLO ASSN.; product: Uspa Active Sports Men Solid Hooded Active Jacket; listed price: ?3654.,"PDP-level review count, rating and detailed product specifications were not expanded in this listing-level scrape.",Listing-level sample scraped from current Nykaa Fashion category page; no buyer-photo logic used.,U.S. POLO ASSN.,Uspa Active Sports Men Solid Hooded Active Jacket,https://www.nykaafashion.com/men/active-sports/c/13971,nykaa_category_listing,9/4/2026,pdp_url_not_resolved,
SKU130,,activewear,2772,,,,,,,,,,,,,,,,listing_only,,Brand: Nike; product: Sportswear Men Black Pant; listed price: ?2772.,"PDP-level review count, rating and detailed product specifications were not expanded in this listing-level scrape.",Listing-level sample scraped from current Nykaa Fashion category page; no buyer-photo logic used.,Nike,Sportswear Men Black Pant,https://www.nykaafashion.com/men/active-sports/c/13971,nykaa_category_listing,9/4/2026,pdp_url_not_resolved,
SKU131,https://www.nykaafashion.com/reebok-men-white-shorts/p/20833562,activewear,1584,,,,,,,,,,,,,,,,listing_only,,Brand: Reebok; product: Men White Shorts; listed price: ?1584.,"PDP-level review count, rating and detailed product specifications were not expanded in this listing-level scrape.",Listing-level sample scraped from current Nykaa Fashion category page; no buyer-photo logic used.,Reebok,Men White Shorts,https://www.nykaafashion.com/men/active-sports/c/13971,nykaa_category_listing,9/4/2026,pdp_url_resolved_from_web,nykaafashion.com
SKU132,https://www.nykaafashion.com/jockey-mv52-recycled-microfiber-straight-fit-shorts-green/p/24507483,activewear,1049,,,,Y,Microfiber,,,,,,,,,,,listing_only,,Brand: Jockey; product: MV52 Men Recycled Microfiber Straight Fit Active Wear Shorts - Black & Green; listed price: ?1049.,"PDP-level review count, rating and detailed product specifications were not expanded in this listing-level scrape.",Listing-level sample scraped from current Nykaa Fashion category page; no buyer-photo logic used.,Jockey,MV52 Men Recycled Microfiber Straight Fit Active Wear Shorts - Black & Green,https://www.nykaafashion.com/men/active-sports/shorts/c/13977,nykaa_category_listing,9/4/2026,pdp_url_resolved_from_web,nykaafashion.com
SKU133,,activewear,549,,,,,,,,,,Slim,,,,,,listing_only,,Brand: Technosport; product: Men Solid Slim Fit Sports Shorts with Duracool for Gym; listed price: ?549.,"PDP-level review count, rating and detailed product specifications were not expanded in this listing-level scrape.",Listing-level sample scraped from current Nykaa Fashion category page; no buyer-photo logic used.,Technosport,Men Solid Slim Fit Sports Shorts with Duracool for Gym,https://www.nykaafashion.com/men/active-sports/shorts/c/13977,nykaa_category_listing,9/4/2026,pdp_url_not_resolved,
SKU134,https://www.nykaafashion.com/puma-performance-men-side-pocket-gym-shorts/p/25509387,activewear,1200,,,,,,,,,,,,,,,,listing_only,,Brand: Puma; product: Performance Men Side Pocket Gym Shorts; listed price: ?1200.,"PDP-level review count, rating and detailed product specifications were not expanded in this listing-level scrape.",Listing-level sample scraped from current Nykaa Fashion category page; no buyer-photo logic used.,Puma,Performance Men Side Pocket Gym Shorts,https://www.nykaafashion.com/men/active-sports/shorts/c/13977,nykaa_category_listing,9/4/2026,pdp_url_resolved_from_web,nykaafashion.com
SKU135,,activewear,1694,,,,,,,,,,Regular,,,,,,listing_only,,Brand: Tego; product: Grey Solid Regular Fit Shorts; listed price: ?1694.,"PDP-level review count, rating and detailed product specifications were not expanded in this listing-level scrape.",Listing-level sample scraped from current Nykaa Fashion category page; no buyer-photo logic used.,Tego,Grey Solid Regular Fit Shorts,https://www.nykaafashion.com/men/active-sports/shorts/c/13977,nykaa_category_listing,9/4/2026,pdp_url_not_resolved,
SKU136,https://www.nykaafashion.com/jockey-sp26-men-super-combed-cotton-active-wear-shorts-dark-khaki/p/24833359,activewear,1199,,,,Y,Cotton,,,,,,,,,,,listing_only,,Brand: Jockey; product: SP26 Men Super Combed Cotton Active Wear Shorts - Dark Khaki; listed price: ?1199.,"PDP-level review count, rating and detailed product specifications were not expanded in this listing-level scrape.",Listing-level sample scraped from current Nykaa Fashion category page; no buyer-photo logic used.,Jockey,SP26 Men Super Combed Cotton Active Wear Shorts - Dark Khaki,https://www.nykaafashion.com/men/active-sports/shorts/c/13977,nykaa_category_listing,9/4/2026,pdp_url_resolved_from_web,nykaafashion.com
SKU137,,activewear,396,,,,,,,,,,Regular,,,,,,listing_only,,Brand: TURNFIT; product: Grey Printed Regular Fit Shorts; listed price: ?396.,"PDP-level review count, rating and detailed product specifications were not expanded in this listing-level scrape.",Listing-level sample scraped from current Nykaa Fashion category page; no buyer-photo logic used.,TURNFIT,Grey Printed Regular Fit Shorts,https://www.nykaafashion.com/men/active-sports/shorts/c/13977,nykaa_category_listing,9/4/2026,pdp_url_not_resolved,
SKU138,,activewear,703,,,,,,,,,,,,,,,,listing_only,,Brand: Off Limits; product: Men All Day Blue Shorts; listed price: ?703.,"PDP-level review count, rating and detailed product specifications were not expanded in this listing-level scrape.",Listing-level sample scraped from current Nykaa Fashion category page; no buyer-photo logic used.,Off Limits,Men All Day Blue Shorts,https://www.nykaafashion.com/men/active-sports/shorts/c/13977,nykaa_category_listing,9/4/2026,pdp_url_not_resolved,
SKU139,,activewear,600,,,,,,,,,,,,,,,,listing_only,,Brand: Alcis; product: Men Woven Shorts - Black; listed price: ?600.,"PDP-level review count, rating and detailed product specifications were not expanded in this listing-level scrape.",Listing-level sample scraped from current Nykaa Fashion category page; no buyer-photo logic used.,Alcis,Men Woven Shorts - Black,https://www.nykaafashion.com/men/active-sports/shorts/c/13977,nykaa_category_listing,9/4/2026,pdp_url_not_resolved,
SKU140,https://www.nykaafashion.com/u-s-polo-assn-beige-active-sports-mens-slim-fit-solid-active-shorts/p/20720612,activewear,1080,,,,,,,,,,Slim,,,,,,listing_only,,Brand: U.S. POLO ASSN.; product: Beige Active Sports Mens Slim Fit Solid Active Shorts; listed price: ?1080.,"PDP-level review count, rating and detailed product specifications were not expanded in this listing-level scrape.",Listing-level sample scraped from current Nykaa Fashion category page; no buyer-photo logic used.,U.S. POLO ASSN.,Beige Active Sports Mens Slim Fit Solid Active Shorts,https://www.nykaafashion.com/men/active-sports/shorts/c/13977,nykaa_category_listing,9/4/2026,pdp_url_resolved_from_web,nykaafashion.com
SKU141,,activewear,941,,,,,,,,,,Regular,,,,,,listing_only,,Brand: Bonjour; product: Men's Navy Blue Regular Fit Activewear Sports Shorts; listed price: ?941.,"PDP-level review count, rating and detailed product specifications were not expanded in this listing-level scrape.",Listing-level sample scraped from current Nykaa Fashion category page; no buyer-photo logic used.,Bonjour,Men's Navy Blue Regular Fit Activewear Sports Shorts,https://www.nykaafashion.com/men/active-sports/shorts/c/13977,nykaa_category_listing,9/4/2026,pdp_url_not_resolved,
